column,monotonic,n_bins,top_bin_rate,max_bin_rate,argmax_bin,rates
CREDIT_TERM,False,10,0.04929434253873998,0.11368626494266894,8,0.0586 0.0700 0.0735 0.0513 0.0971 0.0862 0.1002 0.0983 0.1137 0.0493
AMT_ANNUITY,False,10,0.05845528455284553,0.10009702457956016,6,0.0709 0.0689 0.0839 0.0867 0.0860 0.0908 0.1001 0.0843 0.0772 0.0585
ANNUITY_INCOME_RATIO,False,10,0.08278105305956496,0.08949400528347896,8,0.0707 0.0727 0.0789 0.0781 0.0787 0.0828 0.0849 0.0883 0.0895 0.0828
INST_LATE_RATIO,True,6,0.12593041370953784,0.12593041370953784,5,0.0669 0.0723 0.0848 0.0988 0.1027 0.1259
INST_DPD_MEAN,True,6,0.11861471861471862,0.11861471861471862,5,0.0669 0.0784 0.0869 0.0957 0.1048 0.1186
INST_DPD_STD,True,6,0.11197228837410694,0.11197228837410694,5,0.0668 0.0818 0.0876 0.0984 0.1048 0.1120
POS_SK_DPD_DEF_MEAN,True,2,0.11915693733875551,0.11915693733875551,1,0.0773 0.1192
CC_UTILIZATION_MEAN,True,8,0.18342237332038205,0.18342237332038205,7,0.0529 0.0584 0.0688 0.0806 0.0973 0.1159 0.1370 0.1834
CC_UTILIZATION_MAX,True,7,0.1474825967298041,0.1474825967298041,6,0.0538 0.0703 0.0994 0.1083 0.1269 0.1310 0.1475
